-- Person
	-- Footballplayer
INSERT INTO person (id, name, surname, age, active) VALUES (1, 'Janfried','Schunke', 16, 1);
INSERT INTO person (id, name, surname, age, active) VALUES (2, 'Emmerich','Carmen', 25, 1);
INSERT INTO person (id, name, surname, age, active) VALUES (3, 'Cornelius','Christ', 34, 1);
INSERT INTO person (id, name, surname, age, active) VALUES (4, 'Hildmar','Borchard', 32, 1);
INSERT INTO person (id, name, surname, age, active) VALUES (5, 'Unette','Faas', 48, 1);
INSERT INTO person (id, name, surname, age, active) VALUES (6, 'Marilen', 'Dresen', 54, 1);
INSERT INTO person (id, name, surname, age, active) VALUES (7, 'Siegtraud', 'Bücher', 63, 1);
INSERT INTO person (id, name, surname, age, active) VALUES (8, 'Heidebert', 'Krampe', 22, 1);
INSERT INTO person (id, name, surname, age, active) VALUES (9, 'Sighilde', 'Böhler', 18, 1);
INSERT INTO person (id, name, surname, age, active) VALUES (10, 'Gottwalt', 'Bernard', 39, 1);

	-- Handballplayer
INSERT INTO PERSON (ID, name, surname, age, active) VALUES (11, 'Ferdinand','Schunke', 30, 1);
INSERT INTO PERSON (ID, name, surname, age, active) VALUES (12, 'Mechtild','Carmen', 55, 1);
INSERT INTO PERSON (ID, name, surname, age, active) VALUES (13, 'Trautlind','Christ', 64, 1);
INSERT INTO PERSON (ID, name, surname, age, active) VALUES (14, 'Burkhart','Borchard', 71, 1);
INSERT INTO PERSON (ID, name, surname, age, active) VALUES (15, 'Denny','Faas', 21, 1);
INSERT INTO PERSON (ID, name, surname, age, active) VALUES (16, 'Jessika','Mörs', 31, 1);
INSERT INTO PERSON (ID, name, surname, age, active) VALUES (17, 'Thomas','Mäurer', 29, 1);
INSERT INTO PERSON (ID, name, surname, age, active) VALUES (18, 'Vivien','Stelling', 17, 1);
INSERT INTO PERSON (ID, name, surname, age, active) VALUES (19, 'Friedrun','Häfele', 26, 1);
INSERT INTO PERSON (ID, name, surname, age, active) VALUES (20, 'Walther','Pack', 68, 1);

	-- Basketballplayer
INSERT INTO PERSON (ID, name, surname, age, active) VALUES (21, 'Vincenz','Zell', 28, 1);
INSERT INTO PERSON (ID, name, surname, age, active) VALUES (22, 'Heinolf','Jahnel', 33, 1);
INSERT INTO PERSON (ID, name, surname, age, active) VALUES (23, 'Susanna','Kandziora', 45, 1);
INSERT INTO PERSON (ID, name, surname, age, active) VALUES (24, 'Eduard','Nuding', 42, 1);
INSERT INTO PERSON (ID, name, surname, age, active) VALUES (25, 'Johannette','Wilk', 62, 1);
INSERT INTO PERSON (ID, name, surname, age, active) VALUES (26, 'Janis','Wittke', 38, 1);
INSERT INTO PERSON (ID, name, surname, age, active) VALUES (27, 'Lucy','Neu', 29, 1);
INSERT INTO PERSON (ID, name, surname, age, active) VALUES (28, 'Gabriele','Wickert', 18, 1);
INSERT INTO PERSON (ID, name, surname, age, active) VALUES (29, 'Friedrun','Schiwek', 16, 1);
INSERT INTO PERSON (ID, name, surname, age, active) VALUES (30, 'Nicolas','Schimpf', 16, 1);

	-- Physio
INSERT INTO PERSON (ID, name, surname, age, active) VALUES (31, 'Patrik','Dresen', 23, 1);
INSERT INTO PERSON (ID, name, surname, age, active) VALUES (32, 'Adelgunde','Bücher', 28, 1);
INSERT INTO PERSON (ID, name, surname, age, active) VALUES (33, 'Mika','Krampe', 44, 1);
INSERT INTO PERSON (ID, name, surname, age, active) VALUES (34, 'Crescentia','Böhler', 48, 1);
INSERT INTO PERSON (ID, name, surname, age, active) VALUES (35, 'Elfie','Bernard', 32, 1);
INSERT INTO PERSON (ID, name, surname, age, active) VALUES (36, 'Gefion','Kopp', 21, 1);
INSERT INTO PERSON (ID, name, surname, age, active) VALUES (37, 'Wilfriede','Röger', 33, 1);
INSERT INTO PERSON (ID, name, surname, age, active) VALUES (38, 'Annelene','Roßbach', 32, 1);
INSERT INTO PERSON (ID, name, surname, age, active) VALUES (39, 'Ronald','Tietze', 40, 1);
INSERT INTO PERSON (ID, name, surname, age, active) VALUES (40, 'Dorlis','Knispel', 38, 1);

	-- Referee
INSERT INTO PERSON (ID, name, surname, age, active) VALUES (41, 'Brent', 'Hood', 19, 1);
INSERT INTO PERSON (ID, name, surname, age, active) VALUES (42, 'Lamar', 'Michael', 37, 1);
INSERT INTO PERSON (ID, name, surname, age, active) VALUES (43, 'Perry', 'Joyce', 67, 1);
INSERT INTO PERSON (ID, name, surname, age, active) VALUES (44, 'Lucas', 'Duran', 67, 1);
INSERT INTO PERSON (ID, name, surname, age, active) VALUES (45, 'Joshua', 'Herrera', 39, 1);
INSERT INTO PERSON (ID, name, surname, age, active) VALUES (46, 'Hashim', 'Mcleod', 69, 1);
INSERT INTO PERSON (ID, name, surname, age, active) VALUES (47, 'Gannon', 'Paul', 64, 1);
INSERT INTO PERSON (ID, name, surname, age, active) VALUES (48, 'Otto', 'Mccall', 33, 1);
INSERT INTO PERSON (ID, name, surname, age, active) VALUES (49, 'Randall', 'Vance', 70, 1);
INSERT INTO PERSON (ID, name, surname, age, active) VALUES (50, 'Acton', 'Chambers', 38, 1);

	-- Trainer
INSERT INTO PERSON (ID, name, surname, age, active) VALUES (51, 'Solomon', 'Sampson', 55, 1);
INSERT INTO PERSON (ID, name, surname, age, active) VALUES (52, 'Allen', 'Horton', 63, 1);
INSERT INTO PERSON (ID, name, surname, age, active) VALUES (53, 'Garrett', 'Mckay', 43, 1);
INSERT INTO PERSON (ID, name, surname, age, active) VALUES (54, 'Nicholas', 'Colon', 34, 1);
INSERT INTO PERSON (ID, name, surname, age, active) VALUES (55, 'Odysseus', 'Finley', 29, 1);
INSERT INTO PERSON (ID, name, surname, age, active) VALUES (56, 'Caesar', 'Tanner', 39, 1);
INSERT INTO PERSON (ID, name, surname, age, active) VALUES (57, 'Lane', 'Mcintosh', 59, 1);
INSERT INTO PERSON (ID, name, surname, age, active) VALUES (58, 'Clark', 'Austin', 39, 1);
INSERT INTO PERSON (ID, name, surname, age, active) VALUES (59, 'Evan', 'Herring', 23, 1);
INSERT INTO PERSON (ID, name, surname, age, active) VALUES (60, 'Lucas', 'Boyd', 27, 1);


-- Types
INSERT INTO TYPE (ID, TYPE) VALUES (1, 'Football');
INSERT INTO TYPE (ID, TYPE) VALUES (2, 'Handball');
INSERT INTO TYPE (ID, TYPE) VALUES (3, 'Basketball');

-- Teams
INSERT INTO team (ID, type_id, name) VALUES (1, 1 ,'1. Fc Köln');
INSERT INTO team (ID, type_id, name) VALUES (2, 1 ,'Borussia Mönchengladbach');
INSERT INTO team (ID, type_id, name) VALUES (3, 1 ,'BVB Dortmund');
INSERT INTO team (ID, type_id, name) VALUES (4, 1 ,'Werder Bremen');
INSERT INTO team (ID, type_id, name) VALUES (5, 3 ,'Telekom Baskets Bonn');
INSERT INTO team (ID, type_id, name) VALUES (6, 2 ,'THW Kiel');
INSERT INTO team (ID, type_id, name) VALUES (7, 2 ,'Vfl Gummersbach');
INSERT INTO team (ID, type_id, name) VALUES (8, 1 ,'Bayern München');
INSERT INTO team (ID, type_id, name) VALUES (9, 3 ,'Hamburg Towers');
INSERT INTO team (ID, type_id, name) VALUES (10,3 ,'FC Bayern München');

-- Team members football
INSERT INTO team_member (ID, team_id, person_id) VALUES (1, 1, 1);
INSERT INTO team_member (ID, team_id, person_id) VALUES (2, 1, 6);
INSERT INTO team_member (ID, team_id, person_id) VALUES (3, 2, 2);
INSERT INTO team_member (ID, team_id, person_id) VALUES (4, 2, 7);
INSERT INTO team_member (ID, team_id, person_id) VALUES (5, 3, 3);
INSERT INTO team_member (ID, team_id, person_id) VALUES (6, 3, 8);
INSERT INTO team_member (ID, team_id, person_id) VALUES (7, 4, 4);
INSERT INTO team_member (ID, team_id, person_id) VALUES (8, 4, 9);
INSERT INTO team_member (ID, team_id, person_id) VALUES (9, 8, 5);
INSERT INTO team_member (ID, team_id, person_id) VALUES (10, 8, 10);

-- Footballplayer
INSERT INTO FOOTBALLPLAYER (ID, GOALS, TYPE_ID, PERSON_ID, SPEED) VALUES (1, 10, 1, 1, 40.1);
INSERT INTO FOOTBALLPLAYER (ID, GOALS, TYPE_ID, PERSON_ID, SPEED) VALUES (2, 12, 1, 2, 20.3);
INSERT INTO FOOTBALLPLAYER (ID, GOALS, TYPE_ID, PERSON_ID, SPEED) VALUES (3, 22, 1, 3, 14.0);
INSERT INTO FOOTBALLPLAYER (ID, GOALS, TYPE_ID, PERSON_ID, SPEED) VALUES (4, 0, 1, 4, 60.0);
INSERT INTO FOOTBALLPLAYER (ID, GOALS, TYPE_ID, PERSON_ID, SPEED) VALUES (5, 18, 1, 5, 35.0);
INSERT INTO FOOTBALLPLAYER (ID, GOALS, TYPE_ID, PERSON_ID, SPEED) VALUES (6, 10, 1, 6, 40.1);
INSERT INTO FOOTBALLPLAYER (ID, GOALS, TYPE_ID, PERSON_ID, SPEED) VALUES (7, 12, 1, 7, 20.3);
INSERT INTO FOOTBALLPLAYER (ID, GOALS, TYPE_ID, PERSON_ID, SPEED) VALUES (8, 22, 1, 8, 14.0);
INSERT INTO FOOTBALLPLAYER (ID, GOALS, TYPE_ID, PERSON_ID, SPEED) VALUES (9, 0, 1, 9, 60.0);
INSERT INTO FOOTBALLPLAYER (ID, GOALS, TYPE_ID, PERSON_ID, SPEED) VALUES (10, 18, 1, 10, 35.0);

-- Team members handball
INSERT INTO team_member (ID, team_id, person_id) VALUES (11, 7, 16);
INSERT INTO team_member (ID, team_id, person_id) VALUES (12, 7, 17);
INSERT INTO team_member (ID, team_id, person_id) VALUES (13, 7, 18);
INSERT INTO team_member (ID, team_id, person_id) VALUES (14, 7, 19);
INSERT INTO team_member (ID, team_id, person_id) VALUES (15, 7, 20);
INSERT INTO team_member (ID, team_id, person_id) VALUES (16, 6, 11);
INSERT INTO team_member (ID, team_id, person_id) VALUES (17, 6, 12);
INSERT INTO team_member (ID, team_id, person_id) VALUES (18, 6, 13);
INSERT INTO team_member (ID, team_id, person_id) VALUES (19, 6, 14);
INSERT INTO team_member (ID, team_id, person_id) VALUES (20, 6, 15);

-- Handballplayer
INSERT INTO HANDBALLPLAYER (id, position, speed, goals, type_id, person_id) VALUES (1, 'Circle Runner', 23.2, 44, 2, 11);
INSERT INTO HANDBALLPLAYER (id, position, speed, goals, type_id, person_id) VALUES (2, 'Goalkeeper', 15.3, 21, 2, 12);
INSERT INTO HANDBALLPLAYER (id, position, speed, goals, type_id, person_id) VALUES (3, 'Right wing', 24.5, 98, 2, 13);
INSERT INTO HANDBALLPLAYER (id, position, speed, goals, type_id, person_id) VALUES (4, 'Goalkeeper', 18.0, 0, 2, 14);
INSERT INTO HANDBALLPLAYER (id, position, speed, goals, type_id, person_id) VALUES (5, 'Left Wing', 18.2, 0, 2, 15);
INSERT INTO HANDBALLPLAYER (id, position, speed, goals, type_id, person_id) VALUES (6, 'Circle Runner', 19.2, 84, 2, 16);
INSERT INTO HANDBALLPLAYER (id, position, speed, goals, type_id, person_id) VALUES (7, 'Circle Runner', 20.3, 47, 2, 17);
INSERT INTO HANDBALLPLAYER (id, position, speed, goals, type_id, person_id) VALUES (8, 'Goalkeeper', 14.3, 62, 2, 18);
INSERT INTO HANDBALLPLAYER (id, position, speed, goals, type_id, person_id) VALUES (9, 'Left Wing', 18.4, 35, 2, 19);
INSERT INTO HANDBALLPLAYER (id, position, speed, goals, type_id, person_id) VALUES (10, 'Circle Runner', 19.2, 28, 2, 20);

-- Team members basketball
INSERT INTO team_member (ID, team_id, person_id) VALUES (21, 5, 21);
INSERT INTO team_member (ID, team_id, person_id) VALUES (22, 9, 22);
INSERT INTO team_member (ID, team_id, person_id) VALUES (23, 10, 23);
INSERT INTO team_member (ID, team_id, person_id) VALUES (24, 5, 24);
INSERT INTO team_member (ID, team_id, person_id) VALUES (25, 9, 25);
INSERT INTO team_member (ID, team_id, person_id) VALUES (26, 10, 26);
INSERT INTO team_member (ID, team_id, person_id) VALUES (27, 5, 27);
INSERT INTO team_member (ID, team_id, person_id) VALUES (28, 9, 28);
INSERT INTO team_member (ID, team_id, person_id) VALUES (29, 10, 29);
INSERT INTO team_member (ID, team_id, person_id) VALUES (30, 5, 30);


-- Basketballplayer
INSERT INTO BASKETBALLPLAYER(ID, height, field_goal, speed, type_id, person_id) VALUES (1, 190, 13, 20.0, 3, 21);
INSERT INTO BASKETBALLPLAYER(ID, height, field_goal, speed, type_id, person_id) VALUES (2, 191, 44, 19.0, 3, 22);
INSERT INTO BASKETBALLPLAYER(ID, height, field_goal, speed, type_id, person_id) VALUES (3, 191, 63, 19.5, 3, 23);
INSERT INTO BASKETBALLPLAYER(ID, height, field_goal, speed, type_id, person_id) VALUES (4, 198, 42, 20.3, 3, 24);
INSERT INTO BASKETBALLPLAYER(ID, height, field_goal, speed, type_id, person_id) VALUES (5, 205, 11, 15.8, 3, 25);
INSERT INTO BASKETBALLPLAYER(ID, height, field_goal, speed, type_id, person_id) VALUES (6, 198, 0, 13.5, 3, 26);
INSERT INTO BASKETBALLPLAYER(ID, height, field_goal, speed, type_id, person_id) VALUES (7, 195, 12, 18.0, 3, 27);
INSERT INTO BASKETBALLPLAYER(ID, height, field_goal, speed, type_id, person_id) VALUES (8, 199, 11, 16.4, 3, 28);
INSERT INTO BASKETBALLPLAYER(ID, height, field_goal, speed, type_id, person_id) VALUES (9, 183, 17, 16.3, 3, 29);
INSERT INTO BASKETBALLPLAYER(ID, height, field_goal, speed, type_id, person_id) VALUES (10, 188, 23, 18.2, 3, 30);

-- Team members physio
INSERT INTO team_member (ID, team_id, person_id) VALUES (31,10, 31);
INSERT INTO team_member (ID, team_id, person_id) VALUES (32,7, 32);
INSERT INTO team_member (ID, team_id, person_id) VALUES (33,9, 33);
INSERT INTO team_member (ID, team_id, person_id) VALUES (34,8, 34);
INSERT INTO team_member (ID, team_id, person_id) VALUES (35,6, 35);
INSERT INTO team_member (ID, team_id, person_id) VALUES (36,5, 36);
INSERT INTO team_member (ID, team_id, person_id) VALUES (37,4, 37);
INSERT INTO team_member (ID, team_id, person_id) VALUES (38,3, 38);
INSERT INTO team_member (ID, team_id, person_id) VALUES (39,2, 39);
INSERT INTO team_member (ID, team_id, person_id) VALUES (40,1, 40);

-- Physio
INSERT INTO PHYSIO (experience, ID, person_id) VALUES (2, 1, 31);
INSERT INTO PHYSIO (experience, ID, person_id) VALUES (1, 2, 32);
INSERT INTO PHYSIO (experience, ID, person_id) VALUES (10, 3, 33);
INSERT INTO PHYSIO (experience, ID, person_id) VALUES (15, 4, 34);
INSERT INTO PHYSIO (experience, ID, person_id) VALUES (6, 5, 35);
INSERT INTO PHYSIO (experience, ID, person_id) VALUES (2, 6, 36);
INSERT INTO PHYSIO (experience, ID, person_id) VALUES (7, 7, 37);
INSERT INTO PHYSIO (experience, ID, person_id) VALUES (3, 8, 38);
INSERT INTO PHYSIO (experience, ID, person_id) VALUES (12, 9, 39);
INSERT INTO PHYSIO (experience, ID, person_id) VALUES (14, 10, 40);

-- Referee
INSERT INTO REFEREE (id, certificate, type_id, person_id) VALUES (1, 'Regional', 1, 41);
INSERT INTO REFEREE (id, certificate, type_id, person_id) VALUES (2, 'Regional', 1, 42);
INSERT INTO REFEREE (id, certificate, type_id, person_id) VALUES (3, 'Regional', 1, 43);
INSERT INTO REFEREE (id, certificate, type_id, person_id) VALUES (4, 'Regional', 2, 44);
INSERT INTO REFEREE (id, certificate, type_id, person_id) VALUES (5, 'Assistant', 2, 45);
INSERT INTO REFEREE (id, certificate, type_id, person_id) VALUES (6, 'Assistant', 2, 46);
INSERT INTO REFEREE (id, certificate, type_id, person_id) VALUES (7, 'Assistant', 3, 47);
INSERT INTO REFEREE (id, certificate, type_id, person_id) VALUES (8, 'Advanced', 3, 48);
INSERT INTO REFEREE (id, certificate, type_id, person_id) VALUES (9, 'Advanced', 3, 49);
INSERT INTO REFEREE (id, certificate, type_id, person_id) VALUES (10, 'Advanced', 1, 50);

-- Team members trainer
INSERT INTO team_member (ID, team_id, person_id) VALUES (41, 1, 51);
INSERT INTO team_member (ID, team_id, person_id) VALUES (42, 7, 52);
INSERT INTO team_member (ID, team_id, person_id) VALUES (43, 9, 53);
INSERT INTO team_member (ID, team_id, person_id) VALUES (44, 8, 54);
INSERT INTO team_member (ID, team_id, person_id) VALUES (45, 6, 55);
INSERT INTO team_member (ID, team_id, person_id) VALUES (46, 5, 56);
INSERT INTO team_member (ID, team_id, person_id) VALUES (47, 4, 57);
INSERT INTO team_member (ID, team_id, person_id) VALUES (48, 3, 58);
INSERT INTO team_member (ID, team_id, person_id) VALUES (49, 2, 59);
INSERT INTO team_member (ID, team_id, person_id) VALUES (50, 1, 60);

-- Trainer
INSERT INTO TRAINER (id, type_id, person_id) VALUES (1, 1, 51);
INSERT INTO TRAINER (id, type_id, person_id) VALUES (2, 1, 52);
INSERT INTO TRAINER (id, type_id, person_id) VALUES (3, 1, 53);
INSERT INTO TRAINER (id, type_id, person_id) VALUES (4, 2, 54);
INSERT INTO TRAINER (id, type_id, person_id) VALUES (5, 2, 55);
INSERT INTO TRAINER (id, type_id, person_id) VALUES (6, 2, 56);
INSERT INTO TRAINER (id, type_id, person_id) VALUES (7, 3, 57);
INSERT INTO TRAINER (id, type_id, person_id) VALUES (8, 3, 58);
INSERT INTO TRAINER (id, type_id, person_id) VALUES (9, 3, 59);
INSERT INTO TRAINER (id, type_id, person_id) VALUES (10, 3, 60);

-- TOURNAMENT
INSERT INTO TOURNAMENT (id, type_id, active, name) VALUES (1, 1, 1, 'Football World Championship 2021');
INSERT INTO TOURNAMENT (id, type_id, active, name) VALUES (2, 1, 0, 'Football World Championship 2017');
INSERT INTO TOURNAMENT (id, type_id, active, name) VALUES (10, 1, 0, 'Football World Championship 2019');
INSERT INTO TOURNAMENT (id, type_id, active, name) VALUES (3, 1, 0, 'Football World Championship 2020');
INSERT INTO TOURNAMENT (id, type_id, active, name) VALUES (4, 2, 0, 'Handball World Championship 2016');
INSERT INTO TOURNAMENT (id, type_id, active, name) VALUES (5, 2, 1, 'Handball World Championship 2021');
INSERT INTO TOURNAMENT (id, type_id, active, name) VALUES (6, 2, 0, 'Handball World Championship 2018');
INSERT INTO TOURNAMENT (id, type_id, active, name) VALUES (7, 3, 0, 'Basketball World Championship 2016');
INSERT INTO TOURNAMENT (id, type_id, active, name) VALUES (9, 3, 0, 'Basketball World Championship 2017');
INSERT INTO TOURNAMENT (id, type_id, active, name) VALUES (8, 3, 1, 'Basketball World Championship 2021');

-- GAME
INSERT INTO GAME (id, tournament_id) VALUES (1, 4);
INSERT INTO GAME (id, tournament_id) VALUES (2, 3);
INSERT INTO GAME (id, tournament_id) VALUES (3, 4);
INSERT INTO GAME (id, tournament_id) VALUES (4, 2);
INSERT INTO GAME (id, tournament_id) VALUES (5, 2);
INSERT INTO GAME (id, tournament_id) VALUES (6, 6);
INSERT INTO GAME (id, tournament_id) VALUES (7, 7);
INSERT INTO GAME (id, tournament_id) VALUES (8, 8);
INSERT INTO GAME (id, tournament_id) VALUES (9, 9);
INSERT INTO GAME (id, tournament_id) VALUES (10, 10);
INSERT INTO GAME (id, tournament_id) VALUES (18, 10);
INSERT INTO GAME (id, tournament_id) VALUES (11, 1);
INSERT INTO GAME (id, tournament_id) VALUES (12, 1);
INSERT INTO GAME (id, tournament_id) VALUES (13, 3);
INSERT INTO GAME (id, tournament_id) VALUES (14, 6);
INSERT INTO GAME (id, tournament_id) VALUES (15, 7);
INSERT INTO GAME (id, tournament_id) VALUES (16, 8);
INSERT INTO GAME (id, tournament_id) VALUES (17, 9);

-- SCORE
INSERT INTO SCORE (id, team_id, score, game_id) VALUES (1, 1, 2, 2);
INSERT INTO SCORE (id, team_id, score, game_id) VALUES (2, 2, 1, 2);
INSERT INTO SCORE (id, team_id, score, game_id) VALUES (11, 1, 0, 1);
INSERT INTO SCORE (id, team_id, score, game_id) VALUES (12, 2, 10, 1);
INSERT INTO SCORE (id, team_id, score, game_id) VALUES (3, 3, 0, 3);
INSERT INTO SCORE (id, team_id, score, game_id) VALUES (4, 4, 3, 3);
INSERT INTO SCORE (id, team_id, score, game_id) VALUES (5, 5, 80, 9);
INSERT INTO SCORE (id, team_id, score, game_id) VALUES (6, 6, 0, 6);
INSERT INTO SCORE (id, team_id, score, game_id) VALUES (36, 5, 2, 4);
INSERT INTO SCORE (id, team_id, score, game_id) VALUES (20, 6, 7, 4);
INSERT INTO SCORE (id, team_id, score, game_id) VALUES (7, 7, 15, 5);
INSERT INTO SCORE (id, team_id, score, game_id) VALUES (8, 6, 22, 5);
INSERT INTO SCORE (id, team_id, score, game_id) VALUES (9, 9, 70, 9);
INSERT INTO SCORE (id, team_id, score, game_id) VALUES (10, 3, 4, 6);
INSERT INTO SCORE (id, team_id, score, game_id) VALUES (13, 5, 2, 7);
INSERT INTO SCORE (id, team_id, score, game_id) VALUES (14, 9, 2, 7);
INSERT INTO SCORE (id, team_id, score, game_id) VALUES (15, 5, 2, 8);
INSERT INTO SCORE (id, team_id, score, game_id) VALUES (16, 9, 2, 8);
INSERT INTO SCORE (id, team_id, score, game_id) VALUES (17, 8, 0, 10);
INSERT INTO SCORE (id, team_id, score, game_id) VALUES (18, 1, 0, 10);
INSERT INTO SCORE (id, team_id, score, game_id) VALUES (19, 2, 2, 11);
INSERT INTO SCORE (id, team_id, score, game_id) VALUES (35, 2, 2, 11);
INSERT INTO SCORE (id, team_id, score, game_id) VALUES (21, 4, 2, 12);
INSERT INTO SCORE (id, team_id, score, game_id) VALUES (22, 3, 2, 12);
INSERT INTO SCORE (id, team_id, score, game_id) VALUES (23, 5, 2, 13);
INSERT INTO SCORE (id, team_id, score, game_id) VALUES (24, 6, 2, 13);
INSERT INTO SCORE (id, team_id, score, game_id) VALUES (25, 1, 2, 14);
INSERT INTO SCORE (id, team_id, score, game_id) VALUES (26, 2, 1, 14);
INSERT INTO SCORE (id, team_id, score, game_id) VALUES (27, 2, 0, 15);
INSERT INTO SCORE (id, team_id, score, game_id) VALUES (28, 3, 0, 15);
INSERT INTO SCORE (id, team_id, score, game_id) VALUES (29, 7, 20, 16);
INSERT INTO SCORE (id, team_id, score, game_id) VALUES (30, 8, 40, 16);
INSERT INTO SCORE (id, team_id, score, game_id) VALUES (31, 7, 12, 17);
INSERT INTO SCORE (id, team_id, score, game_id) VALUES (32, 9, 20, 17);
INSERT INTO SCORE (id, team_id, score, game_id) VALUES (33, 9, 0, 18);
INSERT INTO SCORE (id, team_id, score, game_id) VALUES (34, 1, 0, 18);

-- TOURNAMENT_PARTICIPANTS
INSERT INTO TOURNAMENT_PARTICIPANTS (id, team_id, tournament_id) VALUES (1, 1, 3);
INSERT INTO TOURNAMENT_PARTICIPANTS (id, team_id, tournament_id) VALUES (2, 2, 4);
INSERT INTO TOURNAMENT_PARTICIPANTS (id, team_id, tournament_id) VALUES (3, 2, 5);
INSERT INTO TOURNAMENT_PARTICIPANTS (id, team_id, tournament_id) VALUES (4, 3, 4);
INSERT INTO TOURNAMENT_PARTICIPANTS (id, team_id, tournament_id) VALUES (5, 4, 4);
INSERT INTO TOURNAMENT_PARTICIPANTS (id, team_id, tournament_id) VALUES (6, 5, 9);
INSERT INTO TOURNAMENT_PARTICIPANTS (id, team_id, tournament_id) VALUES (7, 6, 4);
INSERT INTO TOURNAMENT_PARTICIPANTS (id, team_id, tournament_id) VALUES (8, 7, 2);
INSERT INTO TOURNAMENT_PARTICIPANTS (id, team_id, tournament_id) VALUES (9, 9, 9);


-- ROLES
INSERT INTO ROLES (id, role_d) VALUES (1, 'Guest');
INSERT INTO ROLES (id, role_d) VALUES (2, 'User');
INSERT INTO ROLES (id, role_d) VALUES (3, 'Admin');


-- AUTH_USER
INSERT INTO AUTH_USER (id, role_id, email, password, name, surname) VALUES (1, 1, 'bb@froso.de', 'passwort1', 'Bart', 'Simpson');
INSERT INTO AUTH_USER (id, role_id, email, password, name, surname) VALUES (2, 2, 'aa@froso.de', 'passwort2', 'Emilia', 'Clark');
INSERT INTO AUTH_USER (id, role_id, email, password, name, surname) VALUES (3, 3, 'mm@froso.de', 'passwort3', 'Monika', 'Malolepsza');
INSERT INTO AUTH_USER (id, role_id, email, password, name, surname) VALUES (4, 3, 'cc@froso.de', 'passwort4', 'Hashim', 'Mcleod');
INSERT INTO AUTH_USER (id, role_id, email, password, name, surname) VALUES (5, 1, 'dd@froso.de', 'passwort5', 'Gannon', 'Paul');
INSERT INTO AUTH_USER (id, role_id, email, password, name, surname) VALUES (6, 1, 'ee@froso.de', 'passwort6', 'Otto', 'Mccall');
INSERT INTO AUTH_USER (id, role_id, email, password, name, surname) VALUES (7, 1, 'ff@froso.de', 'passwort7', 'Randall', 'Vance');
INSERT INTO AUTH_USER (id, role_id, email, password, name, surname) VALUES (8, 1, 'gg@froso.de', 'passwort8', 'Acton', 'Chambers');
INSERT INTO AUTH_USER (id, role_id, email, password, name, surname) VALUES (9, 1, 'hh@froso.de', 'passwort9', 'Aaron', 'Aaron');


