-- Person
	-- Footballplayer
INSERT INTO person (id, name, surname, age, active) VALUES (1, 'Janfried','Schunke', 16, 1);
INSERT INTO person (id, name, surname, age, active) VALUES (2, 'Emmerich','Carmen', 25, 1);
INSERT INTO person (id, name, surname, age, active) VALUES (3, 'Cornelius','Christ', 34, 1);
INSERT INTO person (id, name, surname, age, active) VALUES (4, 'Hildmar','Borchard', 32, 1);
INSERT INTO person (id, name, surname, age, active) VALUES (5, 'Unette','Faas', 48, 1);
INSERT INTO person (id, name, surname, age, active) VALUES (6, 'Marilen', 'Dresen', 54, 1);
INSERT INTO person (id, name, surname, age, active) VALUES (7, 'Siegtraud', 'Bücher', 63, 1);
INSERT INTO person (id, name, surname, age, active) VALUES (8, 'Heidebert', 'Krampe', 22, 1);
INSERT INTO person (id, name, surname, age, active) VALUES (9, 'Sighilde', 'Böhler', 18, 1);
INSERT INTO person (id, name, surname, age, active) VALUES (10, 'Gottwalt', 'Bernard', 39, 1);

	-- Handballplayer
INSERT INTO PERSON (ID, name, surname, age, active) VALUES (11, 'Ferdinand','Schunke', 30, 1);
INSERT INTO PERSON (ID, name, surname, age, active) VALUES (12, 'Mechtild','Carmen', 55, 1);
INSERT INTO PERSON (ID, name, surname, age, active) VALUES (13, 'Trautlind','Christ', 64, 1);
INSERT INTO PERSON (ID, name, surname, age, active) VALUES (14, 'Burkhart','Borchard', 71, 1);
INSERT INTO PERSON (ID, name, surname, age, active) VALUES (15, 'Denny','Faas', 21, 1);
INSERT INTO PERSON (ID, name, surname, age, active) VALUES (16, 'Jessika','Mörs', 31, 1);
INSERT INTO PERSON (ID, name, surname, age, active) VALUES (17, 'Thomas','Mäurer', 29, 1);
INSERT INTO PERSON (ID, name, surname, age, active) VALUES (18, 'Vivien','Stelling', 17, 1);
INSERT INTO PERSON (ID, name, surname, age, active) VALUES (19, 'Friedrun','Häfele', 26, 1);
INSERT INTO PERSON (ID, name, surname, age, active) VALUES (20, 'Walther','Pack', 68, 1);

	-- Basketballplayer
INSERT INTO PERSON (ID, name, surname, age, active) VALUES (21, 'Vincenz','Zell', 28, 1);
INSERT INTO PERSON (ID, name, surname, age, active) VALUES (22, 'Heinolf','Jahnel', 33, 1);
INSERT INTO PERSON (ID, name, surname, age, active) VALUES (23, 'Susanna','Kandziora', 45, 1);
INSERT INTO PERSON (ID, name, surname, age, active) VALUES (24, 'Eduard','Nuding', 42, 1);
INSERT INTO PERSON (ID, name, surname, age, active) VALUES (25, 'Johannette','Wilk', 62, 1);
INSERT INTO PERSON (ID, name, surname, age, active) VALUES (26, 'Janis','Wittke', 38, 1);
INSERT INTO PERSON (ID, name, surname, age, active) VALUES (27, 'Lucy','Neu', 29, 1);
INSERT INTO PERSON (ID, name, surname, age, active) VALUES (28, 'Gabriele','Wickert', 18, 1);
INSERT INTO PERSON (ID, name, surname, age, active) VALUES (29, 'Friedrun','Schiwek', 16, 1);
INSERT INTO PERSON (ID, name, surname, age, active) VALUES (30, 'Nicolas','Schimpf', 16, 1);

	-- Physio
INSERT INTO PERSON (ID, name, surname, age, active) VALUES (31, 'Patrik','Dresen', 23, 1);
INSERT INTO PERSON (ID, name, surname, age, active) VALUES (32, 'Adelgunde','Bücher', 28, 1);
INSERT INTO PERSON (ID, name, surname, age, active) VALUES (33, 'Mika','Krampe', 44, 1);
INSERT INTO PERSON (ID, name, surname, age, active) VALUES (34, 'Crescentia','Böhler', 48, 1);
INSERT INTO PERSON (ID, name, surname, age, active) VALUES (35, 'Elfie','Bernard', 32, 1);
INSERT INTO PERSON (ID, name, surname, age, active) VALUES (36, 'Gefion','Kopp', 21, 1);
INSERT INTO PERSON (ID, name, surname, age, active) VALUES (37, 'Wilfriede','Röger', 33, 1);
INSERT INTO PERSON (ID, name, surname, age, active) VALUES (38, 'Annelene','Roßbach', 32, 1);
INSERT INTO PERSON (ID, name, surname, age, active) VALUES (39, 'Ronald','Tietze', 40, 1);
INSERT INTO PERSON (ID, name, surname, age, active) VALUES (40, 'Dorlis','Knispel', 38, 1);

	-- Referee
INSERT INTO PERSON (ID, name, surname, age, active) VALUES (41, 'Brent', 'Hood', 19, 1);
INSERT INTO PERSON (ID, name, surname, age, active) VALUES (42, 'Lamar', 'Michael', 37, 1);
INSERT INTO PERSON (ID, name, surname, age, active) VALUES (43, 'Perry', 'Joyce', 67, 1);
INSERT INTO PERSON (ID, name, surname, age, active) VALUES (44, 'Lucas', 'Duran', 67, 1);
INSERT INTO PERSON (ID, name, surname, age, active) VALUES (45, 'Joshua', 'Herrera', 39, 1);
INSERT INTO PERSON (ID, name, surname, age, active) VALUES (46, 'Hashim', 'Mcleod', 69, 1);
INSERT INTO PERSON (ID, name, surname, age, active) VALUES (47, 'Gannon', 'Paul', 64, 1);
INSERT INTO PERSON (ID, name, surname, age, active) VALUES (48, 'Otto', 'Mccall', 33, 1);
INSERT INTO PERSON (ID, name, surname, age, active) VALUES (49, 'Randall', 'Vance', 70, 1);
INSERT INTO PERSON (ID, name, surname, age, active) VALUES (50, 'Acton', 'Chambers', 38, 1);

	-- Trainer
INSERT INTO PERSON (ID, name, surname, age, active) VALUES (51, 'Solomon', 'Sampson', 55, 1);
INSERT INTO PERSON (ID, name, surname, age, active) VALUES (52, 'Allen', 'Horton', 63, 1);
INSERT INTO PERSON (ID, name, surname, age, active) VALUES (53, 'Garrett', 'Mckay', 43, 1);
INSERT INTO PERSON (ID, name, surname, age, active) VALUES (54, 'Nicholas', 'Colon', 34, 1);
INSERT INTO PERSON (ID, name, surname, age, active) VALUES (55, 'Odysseus', 'Finley', 29, 1);
INSERT INTO PERSON (ID, name, surname, age, active) VALUES (56, 'Caesar', 'Tanner', 39, 1);
INSERT INTO PERSON (ID, name, surname, age, active) VALUES (57, 'Lane', 'Mcintosh', 59, 1);
INSERT INTO PERSON (ID, name, surname, age, active) VALUES (58, 'Clark', 'Austin', 39, 1);
INSERT INTO PERSON (ID, name, surname, age, active) VALUES (59, 'Evan', 'Herring', 23, 1);
INSERT INTO PERSON (ID, name, surname, age, active) VALUES (60, 'Lucas', 'Boyd', 27, 1);


-- Types
INSERT INTO TYPE (ID, TYPE) VALUES (1, 'Football');
INSERT INTO TYPE (ID, TYPE) VALUES (2, 'Handball');
INSERT INTO TYPE (ID, TYPE) VALUES (3, 'Basketball');

-- Teams
INSERT INTO team (ID, type_id, name) VALUES (1, 1 ,'1. Fc Köln');
INSERT INTO team (ID, type_id, name) VALUES (2, 1 ,'Borussia Mönchengladbach');
INSERT INTO team (ID, type_id, name) VALUES (3, 1 ,'BVB Dortmund');
INSERT INTO team (ID, type_id, name) VALUES (4, 1 ,'Werder Bremen');
INSERT INTO team (ID, type_id, name) VALUES (5, 3 ,'Telekom Baskets Bonn');
INSERT INTO team (ID, type_id, name) VALUES (6, 2 ,'THW Kiel');
INSERT INTO team (ID, type_id, name) VALUES (7, 2 ,'Vfl Gummersbach');
INSERT INTO team (ID, type_id, name) VALUES (8, 1 ,'Bayern München');
INSERT INTO team (ID, type_id, name) VALUES (9, 3 ,'Hamburg Towers');
INSERT INTO team (ID, type_id, name) VALUES (10,3 ,'FC Bayern München');

-- Footballplayer
INSERT INTO FOOTBALLPLAYER (ID, GOALS, TYPE_ID, PERSON_ID, SPEED, TEAM_ID) VALUES (1, 10, 1,1, 40.1, 1);
INSERT INTO FOOTBALLPLAYER (ID, GOALS, TYPE_ID, PERSON_ID, SPEED, TEAM_ID) VALUES (2, 12, 1,2, 20.3, 2);
INSERT INTO FOOTBALLPLAYER (ID, GOALS, TYPE_ID, PERSON_ID, SPEED, TEAM_ID) VALUES (3, 22, 1,3, 14.0, 3);
INSERT INTO FOOTBALLPLAYER (ID, GOALS, TYPE_ID, PERSON_ID, SPEED, TEAM_ID) VALUES (4, 0, 1, 4, 60.0, 4);
INSERT INTO FOOTBALLPLAYER (ID, GOALS, TYPE_ID, PERSON_ID, SPEED, TEAM_ID) VALUES (5, 18, 1,5, 35.0, 8);
INSERT INTO FOOTBALLPLAYER (ID, GOALS, TYPE_ID, PERSON_ID, SPEED, TEAM_ID) VALUES (6, 10, 1,6, 40.1, 1);
INSERT INTO FOOTBALLPLAYER (ID, GOALS, TYPE_ID, PERSON_ID, SPEED, TEAM_ID) VALUES (7, 12, 1,7, 20.3, 2);
INSERT INTO FOOTBALLPLAYER (ID, GOALS, TYPE_ID, PERSON_ID, SPEED, TEAM_ID) VALUES (8, 22, 1,8, 14.0, 3);
INSERT INTO FOOTBALLPLAYER (ID, GOALS, TYPE_ID, PERSON_ID, SPEED, TEAM_ID) VALUES (9, 0, 1, 9, 60.0, 4);
INSERT INTO FOOTBALLPLAYER (ID, GOALS, TYPE_ID, PERSON_ID, SPEED, TEAM_ID) VALUES (10, 18, 1,10, 35.0, 8);

-- Handballplayer
INSERT INTO HANDBALLPLAYER (id, position, speed, goals, type_id, person_id, team_id) VALUES (1, 'Circle Runner', 23.2, 44, 2, 11, 6);
INSERT INTO HANDBALLPLAYER (id, position, speed, goals, type_id, person_id, team_id) VALUES (2, 'Goalkeeper', 15.3, 21, 2, 12, 6);
INSERT INTO HANDBALLPLAYER (id, position, speed, goals, type_id, person_id, team_id) VALUES (3, 'Right wing', 24.5, 98, 2, 13, 6);
INSERT INTO HANDBALLPLAYER (id, position, speed, goals, type_id, person_id, team_id) VALUES (4, 'Goalkeeper', 18.0, 0, 2, 14, 6);
INSERT INTO HANDBALLPLAYER (id, position, speed, goals, type_id, person_id, team_id) VALUES (5, 'Left Wing', 18.2, 0, 2, 15, 6);
INSERT INTO HANDBALLPLAYER (id, position, speed, goals, type_id, person_id, team_id) VALUES (6, 'Circle Runner', 19.2, 84, 2, 16, 7);
INSERT INTO HANDBALLPLAYER (id, position, speed, goals, type_id, person_id, team_id) VALUES (7, 'Circle Runner', 20.3, 47, 2, 17, 7);
INSERT INTO HANDBALLPLAYER (id, position, speed, goals, type_id, person_id, team_id) VALUES (8, 'Goalkeeper', 14.3, 62, 2, 18, 7);
INSERT INTO HANDBALLPLAYER (id, position, speed, goals, type_id, person_id, team_id) VALUES (9, 'Left Wing', 18.4, 35, 2, 19, 7);
INSERT INTO HANDBALLPLAYER (id, position, speed, goals, type_id, person_id, team_id) VALUES (10, 'Circle Runner', 19.2, 28, 2, 20, 7);

-- Basketballplayer
INSERT INTO BASKETBALLPLAYER(ID, height, field_goal, speed, type_id, person_id, team_id) VALUES (1, 190, 13, 20.0, 3, 21, 5);
INSERT INTO BASKETBALLPLAYER(ID, height, field_goal, speed, type_id, person_id, team_id) VALUES (2, 191, 44, 19.0, 3, 22, 9);
INSERT INTO BASKETBALLPLAYER(ID, height, field_goal, speed, type_id, person_id, team_id) VALUES (3, 191, 63, 19.5, 3, 23, 10);
INSERT INTO BASKETBALLPLAYER(ID, height, field_goal, speed, type_id, person_id, team_id) VALUES (4, 198, 42, 20.3, 3, 24, 5);
INSERT INTO BASKETBALLPLAYER(ID, height, field_goal, speed, type_id, person_id, team_id) VALUES (5, 205, 11, 15.8, 3, 25, 9);
INSERT INTO BASKETBALLPLAYER(ID, height, field_goal, speed, type_id, person_id, team_id) VALUES (6, 198, 0, 13.5, 3, 26, 10);
INSERT INTO BASKETBALLPLAYER(ID, height, field_goal, speed, type_id, person_id, team_id) VALUES (7, 195, 12, 18.0, 3, 27, 5);
INSERT INTO BASKETBALLPLAYER(ID, height, field_goal, speed, type_id, person_id, team_id) VALUES (8, 199, 11, 16.4, 3, 28, 9);
INSERT INTO BASKETBALLPLAYER(ID, height, field_goal, speed, type_id, person_id, team_id) VALUES (9, 183, 17, 16.3, 3, 29, 10);
INSERT INTO BASKETBALLPLAYER(ID, height, field_goal, speed, type_id, person_id, team_id) VALUES (10, 188, 23, 18.2, 3, 30, 5);

-- Physio
INSERT INTO PHYSIO (experience, ID, team_id, person_id) VALUES (2, 1, 1, 31);
INSERT INTO PHYSIO (experience, ID, team_id, person_id) VALUES (1, 2, 2, 32);
INSERT INTO PHYSIO (experience, ID, team_id, person_id) VALUES (10, 3, 3, 33);
INSERT INTO PHYSIO (experience, ID, team_id, person_id) VALUES (15, 4, 4, 34);
INSERT INTO PHYSIO (experience, ID, team_id, person_id) VALUES (6, 5, 5, 35);
INSERT INTO PHYSIO (experience, ID, team_id, person_id) VALUES (2, 6, 6, 36);
INSERT INTO PHYSIO (experience, ID, team_id, person_id) VALUES (7, 7, 7, 37);
INSERT INTO PHYSIO (experience, ID, team_id, person_id) VALUES (3, 8, 8, 38);
INSERT INTO PHYSIO (experience, ID, team_id, person_id) VALUES (12, 9, 9, 39);
INSERT INTO PHYSIO (experience, ID, team_id, person_id) VALUES (14, 10, 10, 40);

-- Referee
INSERT INTO REFEREE (id, certificate, type_id, person_id) VALUES (1, 'Regional', 1, 41);
INSERT INTO REFEREE (id, certificate, type_id, person_id) VALUES (2, 'Regional', 1, 42);
INSERT INTO REFEREE (id, certificate, type_id, person_id) VALUES (3, 'Regional', 1, 43);
INSERT INTO REFEREE (id, certificate, type_id, person_id) VALUES (4, 'Regional', 2, 44);
INSERT INTO REFEREE (id, certificate, type_id, person_id) VALUES (5, 'Assistant', 2, 45);
INSERT INTO REFEREE (id, certificate, type_id, person_id) VALUES (6, 'Assistant', 2, 46);
INSERT INTO REFEREE (id, certificate, type_id, person_id) VALUES (7, 'Assistant', 3, 47);
INSERT INTO REFEREE (id, certificate, type_id, person_id) VALUES (8, 'Advanced', 3, 48);
INSERT INTO REFEREE (id, certificate, type_id, person_id) VALUES (9, 'Advanced', 3, 49);
INSERT INTO REFEREE (id, certificate, type_id, person_id) VALUES (10, 'Advanced', 1, 50);

-- Trainer
INSERT INTO TRAINER (id, type_id, person_id) VALUES (1, 1, 51);
INSERT INTO TRAINER (id, type_id, person_id) VALUES (2, 1, 52);
INSERT INTO TRAINER (id, type_id, person_id) VALUES (3, 1, 53);
INSERT INTO TRAINER (id, type_id, person_id) VALUES (4, 2, 54);
INSERT INTO TRAINER (id, type_id, person_id) VALUES (5, 2, 55);
INSERT INTO TRAINER (id, type_id, person_id) VALUES (6, 2, 56);
INSERT INTO TRAINER (id, type_id, person_id) VALUES (7, 3, 57);
INSERT INTO TRAINER (id, type_id, person_id) VALUES (8, 3, 58);
INSERT INTO TRAINER (id, type_id, person_id) VALUES (9, 3, 59);
INSERT INTO TRAINER (id, type_id, person_id) VALUES (10, 3, 60);